0,0.9995863439200503,0
0,0.9995863439200503,0
0,0.9995863439200503,0
0.6800000000000004,0.9869703220984449,0.009898061591897206
1.0500000000000007,0.9801057219896303,0.028305993634444162
1.5700000000000012,0.970624134201423,0.054176600829375025
2.1199999999999988,0.9605955317331266,0.07782888864227988
2.569999999999989,0.9524315764209745,0.09718076048920171
3.179999999999976,0.9413648814422795,0.12178701977369265
3.569999999999968,0.9343786831690827,0.137518890463777
4.229999999999954,0.922555886091365,0.16205298556883704
4.579999999999947,0.9166112924045768,0.1750634905487931
5.289999999999932,0.9045522594970924,0.19924318025056184
5.599999999999925,0.8994133206544777,0.20980050955696794
6.339999999999909,0.887146176320494,0.23321244289109516
6.6099999999999035,0.8828961410871803,0.24175463478327672
7.389999999999887,0.8706182615242739,0.2643038535258753
7.619999999999882,0.8672218900989035,0.27095298212946206
8.439999999999864,0.8551130876258436,0.2923535920419402
8.63999999999986,0.8523604718618653,0.2975732529962032
9.489999999999842,0.8406618548649576,0.31764552470421725
9.659999999999838,0.838486862568898,0.32165997904582005
10.53999999999982,0.8272280789187072,0.34061806132287253
10.669999999999817,0.8256774117992465,0.34341868711380075
11.579999999999798,0.8148227419630218,0.3608859778411179
11.689999999999795,0.8136508089077317,0.36299740858837604
12.629999999999775,0.803636108253434,0.37913211015404763
12.709999999999773,0.8028516489302089,0.38050527624474306
13.669999999999753,0.7934381370515071,0.3951946305024591
13.729999999999752,0.7929077095845932,0.3961127151435664
14.70999999999973,0.7842440609583338,0.40943744101865565
14.74999999999973,0.7839342669683486,0.40998130738090416
15.759999999999708,0.776111968721224,0.42212940582419384
15.769999999999708,0.7760427791485257,0.4222496840266026
16.789999999999825,0.7689854427332924,0.4330464525940454
16.799999999999827,0.768916253160594,0.43313908201777573
17.809999999999985,0.7627957030090783,0.44249465381453906
17.83999999999999,0.7626139044897263,0.44273613747279467
18.830000000000144,0.7574188414635393,0.45070509819522814
18.88000000000015,0.7571564645430248,0.4510517842078941
19.850000000000303,0.7528034459701741,0.45777749285361324
19.920000000000314,0.7524893106092466,0.4581909153249416
20.870000000000463,0.7488956741335563,0.4638016488643976
20.960000000000477,0.748555224362175,0.4642478569653733
21.890000000000622,0.7456414466672048,0.46885867400878856
22.00000000000064,0.7452968062946815,0.469307842921244
22.91000000000078,0.7430840035001212,0.47302369483337514
23.0300000000008,0.7427922053294098,0.4734180992948959
23.93000000000094,0.7411294526434633,0.47637613275630175
24.070000000000963,0.7408708022256494,0.47673285430087775
24.9500000000011,0.7396747081183551,0.4789751040096412
25.110000000001126,0.7394572364624833,0.47927312579695686
25.97000000000126,0.7386675626270669,0.4808749929037784
26.150000000001288,0.7385022820568634,0.4810957779201254
26.99000000000142,0.7380996848653548,0.4821261079964117
27.18000000000145,0.7380086212148945,0.48224641155023806
28.01000000000158,0.738043796896013,0.4827719481274796
28.220000000001612,0.7380526967671394,0.4827924143546011
29.03000000000174,0.7383302112838678,0.48287135551635524
29.260000000001774,0.7384090117021982,0.48277927374044355
30.050000000001898,0.7388882665048551,0.48246299285796446
30.300000000001937,0.7390399294170883,0.48224601673991235
31.070000000002057,0.7398218264052059,0.48157773029631185
31.330000000002098,0.7400858435700249,0.481243301508133
32.090000000002185,0.7410271250808382,0.4802657404349948
32.37000000000213,0.7413739130058745,0.479796746414597
33.11000000000198,0.7423992914439309,0.47855726221783135
33.41000000000192,0.7428149854053051,0.4779450442321772
34.12000000000178,0.7439738598636813,0.4764961283327957
34.44000000000172,0.744496169478724,0.47576930369653764
35.14000000000158,0.7457573228749496,0.47417937480472316
35.48000000000151,0.7463698830959733,0.4733240138495309
36.160000000001375,0.747633231271161,0.4716132919391463
36.5200000000013,0.7483020626580252,0.470603926229823
37.18000000000117,0.7495594253147646,0.4687534224293968
37.5500000000011,0.7502643104405123,0.4676607147979894
38.19000000000097,0.7516028303479402,0.4657706259220414
38.59000000000089,0.7524394052900826,0.46453480097711386
39.21000000000077,0.7537050374065635,0.4626192723124761
39.630000000000685,0.7545624010983732,0.46128229591854975
40.22000000000057,0.755712802930695,0.4594041624127959
40.67000000000048,0.7565902280570421,0.45792832670477857
41.230000000000366,0.7577288108007205,0.4560917311570237
41.70000000000027,0.758684407032022,0.4546154228224256
42.25000000000016,0.7597359142866936,0.4528878279627896
42.740000000000066,0.7606727116590373,0.45133417109841506
43.25999999999996,0.7615602924549605,0.4496853923852013
43.77999999999986,0.7624478732508837,0.44809302452369637
44.26999999999976,0.7632484462946131,0.44659252403881666
44.809999999999654,0.7641307104652535,0.44504041345021916
45.27999999999956,0.7648200597977752,0.4436895023823658
45.84999999999945,0.7656560792010463,0.44220372115919826
46.28999999999936,0.7661607824069439,0.44105680232026195
46.88999999999924,0.7668490140513495,0.43969213454702966
47.29999999999916,0.76722639330367,0.4387596115686543
47.919999999999035,0.7677970643681548,0.43758398469300236
48.30999999999896,0.7680497349880243,0.43684447746476973
48.95999999999883,0.7684708526878071,0.43590068716089336
49.31999999999876,0.7685455491965952,0.4353779725310542
49.99999999999862,0.7686866426020841,0.43478926734917767
50.31999999999856,0.7686627670558963,0.4345122296165299
51.02999999999842,0.7686097931877922,0.4343565550322858
51.32999999999836,0.7684533509891753,0.4342907770389432
52.06999999999821,0.7680674602325873,0.4346165606643506
52.32999999999816,0.7677974964342046,0.4347310251813856
53.099999999998005,0.7669979882620712,0.43571175407592866
53.33999999999796,0.7666646280996627,0.43601743580929275
54.1399999999978,0.7655534275583014,0.43767041473849827
54.33999999999776,0.7651518108004245,0.4380836594707996
55.16999999999759,0.7634851012552357,0.44050717686020985
55.34999999999756,0.7630555441793736,0.4410327589446602
56.209999999997386,0.7610032159280322,0.4443565094263887
56.34999999999736,0.7605921827932953,0.4448975850862049
57.23999999999718,0.7579791864367531,0.4491065070266255
57.34999999999716,0.75759172949561,0.4496267108619584
58.279999999996974,0.7543159571750375,0.4548486370784729
58.35999999999696,0.7540028088642666,0.4552978350325817
59.30999999999677,0.750284172673861,0.46147129752446825
59.35999999999676,0.7500615549280008,0.4617962166029886
60.339999999996564,0.745698247109138,0.4688747555710716
60.36999999999656,0.7455484098002273,0.46909144553948234
61.36999999999636,0.7405538328365344,0.47713869064775355
61.36999999999636,0.7405538328365344,0.47713869064775355
62.37999999999616,0.7350616917998342,0.48579793817622174
62.399999999996155,0.7349529365317807,0.4859819132995127
63.37999999999596,0.7292387860785565,0.4949966943407674
63.42999999999595,0.7289472477901268,0.4954735229832459
64.38999999999604,0.723025170484782,0.5046286329188348
64.45999999999607,0.7225933523479338,0.5053185081164173
65.39999999999655,0.7165082640068756,0.5145825464839541
65.4899999999966,0.7159256491657104,0.5154882504663603
66.40999999999707,0.7097224453901135,0.524746557842068
66.51999999999713,0.7089807579821618,0.5258670691262627
67.41999999999759,0.7026983464191668,0.5350348887242182
67.54999999999765,0.7017908869711788,0.5363633898587677
68.4299999999981,0.6955022880330776,0.5453563206157183
68.57999999999818,0.6944303677595376,0.5468776456991771
69.43999999999862,0.6882063147896448,0.5555999095110077
69.5999999999987,0.6870483514464089,0.5571741733482309
70.45999999999914,0.6807912547793247,0.5656358414733061
70.62999999999923,0.6795543868335057,0.5673115402571962
71.46999999999966,0.6734067695718946,0.5755914636599472
71.64999999999975,0.6720894230158351,0.5772771288740306
72.49000000000018,0.666018794547116,0.5851435665397534
72.68000000000028,0.6646456762030009,0.5869076274643595
73.5000000000007,0.6587815944475981,0.5945209430337121
73.7000000000008,0.6573513306048169,0.5962814863763173
74.52000000000122,0.6515649546197548,0.6034997140809986
74.72000000000132,0.6501536434038862,0.6051782411770487
75.54000000000174,0.6445050169670095,0.6120602022708538
75.74000000000184,0.6431273032019176,0.6136557067373135
76.56000000000226,0.637729664976495,0.6201972750497984
76.77000000000237,0.6363473429919356,0.6217875254226131
77.58000000000278,0.6311477313044885,0.627921348289184
77.79000000000289,0.6297996838299653,0.6294237908045451
78.6000000000033,0.6248039091715054,0.6352189262209381
78.81000000000341,0.6235087083341269,0.636630087475073
79.62000000000383,0.6187361986378382,0.6420731380267358
79.83000000000393,0.6174988813091709,0.6433891353118902
80.64000000000435,0.612961593373875,0.6484651248403429
80.85000000000446,0.6117852594647242,0.649681943713677
81.66000000000487,0.6074555571151263,0.6543753879393943
81.86000000000497,0.6063864948065838,0.6554367441758622
82.6900000000054,0.6023688579812808,0.6598413725572038
82.8800000000055,0.6014491579851271,0.6607796266450463
83.71000000000592,0.5977111266610733,0.6648783155550956
83.90000000000602,0.5968554327435189,0.6657164572427345
84.73000000000644,0.5933840050004288,0.6693778130361046
84.92000000000654,0.5925893408182756,0.6701327303848434
85.76000000000697,0.5893851413563711,0.6734702597161101
85.93000000000706,0.5887366724176523,0.6740738318970275
86.78000000000749,0.5859212372406941,0.6770916928016146
86.95000000000758,0.5853581502053026,0.677610781332574
87.81000000000802,0.5827520679244895,0.6802367586068394
87.9600000000081,0.582297518689464,0.6806379770196591
88.83000000000854,0.5801900713179251,0.6829650438140136
88.98000000000862,0.5798267183228322,0.6832938030485418
89.86000000000907,0.5779266433382755,0.6852225238911068
89.99000000000913,0.5776459504428295,0.6854566782997391
90.88000000000959,0.5762683628666018,0.6870597354049914
91.01000000000965,0.5760671422093999,0.6872396182774583
91.91000000001011,0.5749357858824723,0.6884849612406905
92.02000000001017,0.57479750899807,0.6885898945768307
92.93000000001064,0.5741495589631441,0.6894579794485374
93.04000000001069,0.5740712353325487,0.6895228422695779
93.96000000001116,0.573745353279563,0.6900653313182818
94.05000000001121,0.57371347351351,0.6900776146175683
94.99000000001169,0.5737932678793809,0.6902059068545597
95.07000000001173,0.5738000588892422,0.6901980408916979
96.01000000001221,0.5743253832565697,0.6901056158280713
96.08000000001225,0.5743645031562643,0.6900681596354182
97.04000000001274,0.5751720580113389,0.6895544747076038
97.09000000001276,0.5752141181600406,0.6895140377344843
98.06000000001326,0.5765029540092605,0.6887295604559656
98.11000000001329,0.5765693888468493,0.6886727863791489
99.09000000001379,0.5781250448408028,0.6875600144735424
99.1200000000138,0.5781726669630667,0.6875176291337112
100.11000000001431,0.5800893814431438,0.6861189129192792
100.14000000001433,0.5801474637001158,0.6860687779725586
101.14000000001484,0.5824221436922312,0.6843976130818702
101.15000000001484,0.5824448904921524,0.6843784120398371
102.16000000001536,0.5849276157070327,0.68243910679449
102.17000000001536,0.5849521971448037,0.6824176056395679
103.18000000001588,0.5877779865707776,0.680245988992432
103.19000000001589,0.5878069094183529,0.6802244878375099
104.2000000000164,0.5907281170234663,0.6778887137156435
104.21000000001641,0.5907598298830663,0.6778655872391894
105.21000000001692,0.593931115843064,0.6752953040384448
105.23000000001693,0.5939958179609712,0.6752438983744299
106.23000000001744,0.5972309238563279,0.6726450173261487
106.26000000001746,0.5973307266051424,0.6725670508947003
107.24000000001796,0.600590949733081,0.6698384775796765
107.28000000001798,0.6007299705252622,0.6697271072402877
108.26000000001848,0.6041359799337042,0.6668994860704004
108.3100000000185,0.6043082130434065,0.6667552196841817
109.280000000019,0.607649535371633,0.6639491934746475
109.33000000001903,0.6078201060854564,0.6638045529483828
110.30000000001952,0.6111291779336303,0.6609200182340512
110.35000000001955,0.6113080289994496,0.6607713308776424
111.31000000002004,0.6147419694631782,0.6578724175191346
111.37000000002007,0.6149498685215253,0.6576912354342279
112.33000000002056,0.6182762534550776,0.6547836066614089
112.39000000002059,0.6184789301233657,0.6546018798631078
113.35000000002108,0.6217217568159753,0.6517872241962456
113.42000000002112,0.6219520686650555,0.6515819888872034
114.3700000000216,0.6250777294740009,0.6487994966423122
114.44000000002164,0.6253008999449603,0.6485944708979519
115.39000000002213,0.6283296420508374,0.6458648134027362
115.46000000002216,0.6285447211902897,0.645663680745194
116.41000000002265,0.6314636523685719,0.6430109532506341
116.48000000002268,0.6316697465132758,0.6428154891194559
117.43000000002317,0.6344667384771141,0.6402594034323732
117.5000000000232,0.6346630207542339,0.640071060276483
118.45000000002369,0.6373268516580022,0.637627324879427
118.52000000002373,0.6375125728581349,0.6374472601659597
119.47000000002421,0.6400330748599373,0.6351279789486481
119.54000000002425,0.6402075738890954,0.6349570845431621
120.49000000002474,0.6425757749990983,0.6327711594451683
120.56000000002477,0.6427384882940913,0.6326100912800529
121.51000000002526,0.6449467401547112,0.6305636167791323
121.5800000000253,0.6450972096005546,0.6304128239211696
122.53000000002578,0.6471392949369998,0.6285094639552073
122.60000000002582,0.647277173957938,0.628369216378768
123.5500000000263,0.6491483892420987,0.6266105568147647
123.62000000002634,0.6492734468526389,0.6264809713732067
124.57000000002682,0.6509706572813995,0.624866843432025
124.64000000002686,0.6510827799832033,0.6247479076889907
125.59000000002735,0.6526044452219688,0.6232766797364093
125.66000000002738,0.6527036367188609,0.6231682734662191
126.61000000002787,0.6540498070338253,0.6218371102579754
126.6800000000279,0.6541378335553684,0.6217390245478942
127.6400000000284,0.6553450544222448,0.6206474449104692
127.69000000002842,0.6553989298680011,0.6205905918043533
128.66000000002796,0.6564441135156733,0.6196754561190951
128.71000000002792,0.6564880027311011,0.6196282841765561
129.68000000002704,0.6573394535103992,0.6188645773732075
129.730000000027,0.6573737797655558,0.618825211043138
130.7000000000261,0.6580397091155942,0.618203325527493
130.75000000002606,0.6580649637787457,0.6181712695730783
131.72000000002518,0.6585549042438855,0.6176816189010423
131.77000000002514,0.6585748342172668,0.6176563791756796
132.75000000002424,0.6589654616955398,0.6173202828210724
132.78000000002422,0.6589723304901136,0.6173099941571559
133.77000000002332,0.6591990007110469,0.61723567246582
133.8000000000233,0.6592005136360102,0.6172334202933553
134.7900000000224,0.659250440159803,0.6172843213457775
134.82000000002236,0.6592470846409038,0.6172858638019114
135.81000000002146,0.6591363525172256,0.6174494485516909
135.84000000002143,0.6591301506385213,0.6174544056653206
136.84000000002052,0.658923421348383,0.6177213982685006
136.8600000000205,0.6589171501705453,0.6177267381205641
137.8600000000196,0.6586035912786627,0.6181192620503227
137.8700000000196,0.6585990494747598,0.6181231872896203
138.88000000001867,0.6581403272805579,0.6187472003195402
138.89000000001866,0.6581344676490307,0.6187533786663711
139.90000000001774,0.6575426448647822,0.6194630660851398
139.91000000001773,0.6575356635837198,0.6194700926932465
140.9200000000168,0.6568305541964242,0.6202524610400897
140.9300000000168,0.6568227985505409,0.6202602072613455
141.95000000001588,0.6560317226704445,0.6211197890997036
141.95000000001588,0.6560317226704445,0.6211197890997036
142.97000000001495,0.655185638155591,0.6220450961827464
142.97000000001495,0.655185638155591,0.6220450961827464
143.98000000001403,0.6542597572159863,0.6231210022034065
143.99000000001402,0.6542505900779704,0.623132361992369
145.0000000000131,0.653247102679426,0.6242797006775826
145.0100000000131,0.6532371671606285,0.6242913501418282
146.02000000001217,0.6521750998142313,0.625467946030633
146.03000000001217,0.65216458429595,0.6254797737058888
147.04000000001125,0.6510616173021483,0.6266743689067273
147.05000000001124,0.6510506968368631,0.626686340342206
148.06000000001032,0.6499147772991907,0.6278954553255501
148.0800000000103,0.6498922838429991,0.6279196743772475
149.0800000000094,0.6487673083334009,0.6291306269621139
149.10000000000937,0.6487448088232091,0.6291549076206496
150.10000000000846,0.647602780399216,0.6303689405474415
150.12000000000845,0.6475799398307361,0.6303930847379214
151.12000000000754,0.6464347580251085,0.6316002942619169
151.14000000000752,0.646411854388996,0.6316241201740397
152.1400000000066,0.6452758850428462,0.6328154157801782
152.1600000000066,0.6452531656559232,0.6328387577420274
153.16000000000568,0.6441372667815917,0.6340058558344867
153.18000000000566,0.6441149488041051,0.6340285642465842
154.18000000000475,0.6430285172152196,0.6351639848514606
154.20000000000474,0.643006788583442,0.6351859261389355
155.20000000000383,0.6419578232387836,0.6362829905126766
155.2200000000038,0.6419368439318904,0.6363040470596995
156.2200000000029,0.6409320221402978,0.63735687441084
156.24000000000288,0.6409119257044659,0.6373769444479546
157.24000000000197,0.6399566886349563,0.6383804463036777
157.26000000000195,0.6399375838935659,0.638399443725075
158.26000000000104,0.6390362281985618,0.6393493147949412
158.28000000000102,0.6390182010846617,0.639367168888894
159.28000000000011,0.6381739738476492,0.6402598735865386
159.3000000000001,0.6381570893029089,0.6402765286679973
160.2999999999992,0.6373722839414938,0.6411092827409379
160.31999999999917,0.6373565878342655,0.6411246976805983
161.31999999999826,0.6366326390058948,0.6418954446636175
161.33999999999824,0.6366181600293274,0.6419095923125288
162.33999999999733,0.6359557359844399,0.6426169747580861
162.3599999999973,0.6359424875035422,0.6426298412710363
163.3599999999964,0.6353415786981829,0.6432731669185431
163.3799999999964,0.6353295605220757,0.6432847509830109
164.37999999999548,0.6347895636313847,0.643863954206398
164.39999999999546,0.6347787636935709,0.6438742661867839
165.39999999999455,0.6342985604544806,0.6443898652060845
165.41999999999453,0.6342889563896988,0.6443989262152418
166.41999999999362,0.6338669869440704,0.644851976673105
166.4399999999936,0.6338585475551578,0.6448598175848842
167.4399999999927,0.6334928781638641,0.6452518631738443
167.45999999999268,0.6334855647760382,0.6452585235914898
168.45999999999177,0.6331739499324662,0.6455915444737668
168.47999999999175,0.6331677176355949,0.6455970716695744
169.47999999999084,0.6329076567270846,0.6458734314599578
169.49999999999082,0.6329024555089144,0.6458778793016835
170.4999999999899,0.6326912442610418,0.6461002713879639
170.5199999999899,0.6326870200360843,0.6461036992671045
171.51999999998898,0.6325217970320367,0.6462750932241429
171.53999999998896,0.6325184925719558,0.6462775481246875
172.54999999998805,0.6323950590583781,0.6464015206021904
172.55999999998804,0.6323938369443823,0.646402299173214
173.56999999998712,0.6323197319308124,0.6464809348466037
173.5799999999871,0.6323189982178067,0.6464811591654614
174.5899999999862,0.6322981956559063,0.6465038153700926
174.59999999998618,0.6322979896899469,0.6465035353668962
175.60999999998526,0.6323255021344668,0.6464752550440522
175.61999999998525,0.6323257745349076,0.646474521175171
176.62999999998434,0.6323967104551563,0.6464004004181643
176.63999999998433,0.6323974127910004,0.6463992630560003
177.6499999999834,0.6325070032348316,0.6462843894774365
177.6599999999834,0.632508088288731,0.6462828983587288
178.66999999998248,0.6326517099200981,0.6461322953692478
178.67999999998247,0.6326531319164483,0.6461304991043343
179.68999999998155,0.6328263268437903,0.6459490763480715
179.69999999998154,0.6328280416450511,0.645947021992252
180.70999999998062,0.6330300933488561,0.64573953205448
180.70999999998062,0.6330300933488561,0.64573953205448
181.7299999999797,0.6333312067138479,0.6455004592410489
181.7299999999797,0.6333312067138479,0.6455004592410489
182.74999999997877,0.6336585580228624,0.6452277943449523
182.74999999997877,0.6336585580228624,0.6452277943449523
183.76999999997784,0.6340069848323839,0.6449276668015267
183.76999999997784,0.6340069848323839,0.6449276668015267
184.7899999999769,0.634371631947034,0.6446058733531771
184.7899999999769,0.634371631947034,0.6446058733531771
185.809999999976,0.634755762608596,0.644234573522555
185.81999999997598,0.6347597609108665,0.6442309333281371
186.82999999997506,0.6351635894401951,0.6438558066382835
186.83999999997505,0.6351677627364786,0.6438520925126413
187.84999999997413,0.6355892656611073,0.6434561286967957
187.85999999997412,0.6355935606088599,0.6434522082629754
188.8699999999732,0.6360273503318683,0.6430413841791962
188.8799999999732,0.6360317175738396,0.6430373166140103
189.88999999997228,0.6364728090129427,0.642617158336933
189.89999999997227,0.6364772031694341,0.6426129983539915
190.90999999997135,0.636921012975065,0.6421885665741514
190.91999999997134,0.636925392621493,0.6421843642793015
191.92999999997042,0.6373677369107085,0.6417602473759542
191.9399999999704,0.6373720645398422,0.6417560481986933
192.9499999999695,0.6378091550823463,0.6413363621323417
192.95999999996948,0.6378133970506054,0.6413322068247541
193.96999999996856,0.6382418358447649,0.6409206009824983
193.97999999996856,0.6382459623020923,0.6409165256771294
194.98999999996764,0.6386627344921639,0.6405161938134037
194.99999999996763,0.6386667192952098,0.6405122301315846
196.0099999999667,0.6390691844028443,0.6401259255750664
196.0199999999667,0.6390730050114646,0.6401221007774771
197.02999999996578,0.639458886482111,0.6397521551181529
197.03999999996577,0.639462523839493,0.6397484922898428
198.04999999996485,0.6398298969350694,0.6393968368147203
198.05999999996484,0.6398333353321094,0.6393933550773427
199.06999999996393,0.6401806134331429,0.6390615442856021
199.07999999996392,0.64018384035801,0.6390582590302384
200.089999999963,0.6405097597695903,0.6387474956256451
200.099999999963,0.6405127657436986,0.6387444187602531
201.10999999996207,0.6408163691286454,0.6384555795876129
201.11999999996206,0.6408191475305116,0.6384527197938245
202.12999999996114,0.6410997661190001,0.6381863822549295
202.13999999996113,0.6411023129976804,0.6381837452495939
203.14999999996022,0.6413595477443986,0.6379402138005564
203.1599999999602,0.6413618616243708,0.6379378025980907
204.1699999999593,0.6415955635015543,0.637717134992821
204.17999999995928,0.6415976451810308,0.637714950165046
205.18999999995836,0.6418078948081533,0.6375169831678376
205.19999999995835,0.6418097471528894,0.6375150230985582
206.20999999995743,0.641996833971234,0.6373393974416743
206.21999999995742,0.6419984617059168,0.6373376585737844
207.2299999999565,0.6421628629088824,0.6371838429831718
207.2399999999565,0.6421642724081692,0.6371823200565321
208.24999999995558,0.6423066318361377,0.6370496342103144
208.25999999995557,0.6423078309173489,0.6370483204890647
209.26999999995465,0.6424289381196846,0.6369359568093345
209.27999999995464,0.6424299358390577,0.6369348442976539
210.28999999995372,0.6425307054957412,0.6368418885066125
210.2999999999537,0.6425315119500192,0.6368409681522458
211.3099999999528,0.6426129638321009,0.6367664185493033
211.31999999995278,0.6426135899670715,0.6367656804344227
212.32999999995187,0.642676829599107,0.6367084658719668
212.33999999995186,0.642677287026528,0.6367078993911504
213.34999999995094,0.6427234871960593,0.6366668959438153
213.35999999995093,0.642723788020213,0.6366664899690891
214.36999999995,0.6427541712597403,0.6366405363050253
214.37999999995,0.6427540583317319,0.6366402793380543
215.39999999994907,0.6427425396748713,0.636636512564878
215.39999999994907,0.6427425396748713,0.636636512564878
216.41999999994815,0.6427077154460566,0.6366617901497919
216.41999999994815,0.6427077154460566,0.6366617901497919
217.43999999994722,0.64264859930579,0.6367129881795937
217.43999999994722,0.64264859930579,0.6367129881795937
218.4599999999463,0.642568037842219,0.636787071792982
218.4599999999463,0.642568037842219,0.636787071792982
219.47999999994536,0.642468823732944,0.6368811106416521
219.47999999994536,0.642468823732944,0.6368811106416521
220.49999999994444,0.6423536712322919,0.6369922920859931
220.49999999994444,0.6423536712322919,0.6369922920859931
221.5199999999435,0.6422251950364545,0.6371179322949848
221.5199999999435,0.6422251950364545,0.6371179322949848
222.53999999994258,0.6420858924416051,0.6372554854014769
222.53999999994258,0.6420858924416051,0.6372554854014769
223.55999999994165,0.6419381286716078,0.6374025508482762
223.55999999994165,0.6419381286716078,0.6374025508482762
224.57999999994072,0.6417841252196107,0.6375568790474604
224.57999999994072,0.6417841252196107,0.6375568790474604
225.5999999999398,0.6416259510217778,0.6377163754650069
225.5999999999398,0.6416259510217778,0.6377163754650069
226.61999999993887,0.6414655162614653,0.6378791032349795
226.61999999993887,0.6414655162614653,0.6378791032349795
227.63999999993794,0.6413045685880635,0.638043284401883
227.63999999993794,0.6413045685880635,0.638043284401883
228.659999999937,0.6411446915260596,0.6382072998861008
228.659999999937,0.6411446915260596,0.6382072998861008
229.6799999999361,0.6409873048461234,0.6383696882651614
229.6799999999361,0.6409873048461234,0.6383696882651614
230.69999999993516,0.640833666670601,0.6385291434626371
230.69999999993516,0.640833666670601,0.6385291434626371
231.71999999993423,0.6406848770901209,0.6386845114363804
231.71999999993423,0.6406848770901209,0.6386845114363804
232.7399999999333,0.640541883075447,0.6388347859582283
232.7399999999333,0.640541883075447,0.6388347859582283
233.75999999993238,0.6404054844786405,0.6389791035779636
233.75999999993238,0.6404054844786405,0.6389791035779636
234.77999999993145,0.640276340929451,0.6391167378649149
234.77999999993145,0.640276340929451,0.6391167378649149
235.79999999993052,0.6401549794461036,0.6392470930209311
235.79999999993052,0.6401549794461036,0.6392470930209311
236.8199999999296,0.6400418025938153,0.6393696969583563
236.8199999999296,0.6400418025938153,0.6393696969583563
237.83999999992866,0.6399370970389957,0.6394841939359349
237.83999999992866,0.6399370970389957,0.6394841939359349
238.85999999992774,0.6398410423618758,0.6395903368442175
238.85999999992774,0.6398410423618758,0.6395903368442175
239.8799999999268,0.6397537200048707,0.6396879792299155
239.8799999999268,0.6397537200048707,0.6396879792299155
240.89999999992588,0.6396751222481548,0.639777067145812
240.89999999992588,0.6396751222481548,0.639777067145812
241.91999999992495,0.639605161117475,0.6398576309092091
241.91999999992495,0.639605161117475,0.6398576309092091
242.93999999992403,0.6395436771420367,0.6399297768476062
242.93999999992403,0.6395436771420367,0.6399297768476062
243.9599999999231,0.6394904478922514,0.6399936791053447
243.9599999999231,0.6394904478922514,0.6399936791053447
244.97999999992217,0.6394451962382162,0.6400495715794678
244.97999999992217,0.6394451962382162,0.6400495715794678
245.99999999992124,0.6394075982799404,0.6400977400470732
245.99999999992124,0.6394075982799404,0.6400977400470732
247.01999999992032,0.6393772909095884,0.6401385145401232
247.01999999992032,0.6393772909095884,0.6401385145401232
248.0399999999194,0.639353878974335,0.6401722620171003
248.0399999999194,0.639353878974335,0.6401722620171003
249.05999999991846,0.6393369420159597,0.6401993793742038
249.05999999991846,0.6393369420159597,0.6401993793742038
250.07999999991753,0.6393260405699867,0.6402202868320128
250.07999999991753,0.6393260405699867,0.6402202868320128
251.0999999999166,0.6393207220131324,0.6402354217268929
251.0999999999166,0.6393207220131324,0.6402354217268929
252.11999999991568,0.6393205259530901,0.640245232729874
252.11999999991568,0.6393205259530901,0.640245232729874
253.13999999991475,0.6393249891593307,0.6402501745094699
253.13999999991475,0.6393249891593307,0.6402501745094699
254.15999999991382,0.6393336500376412,0.640250702848935
254.15999999991382,0.6393336500376412,0.640250702848935
255.1799999999129,0.639346052654699,0.6402472702228602
255.1799999999129,0.639346052654699,0.6402472702228602
256.199999999912,0.6393617503220468,0.6402403218328472
256.199999999912,0.6393617503220468,0.6402403218328472
257.21999999991107,0.6393803087515177,0.6402302920972831
257.21999999991107,0.6393803087515177,0.6402302920972831
258.23999999991014,0.6394013087964211,0.6402176015860164
258.23999999991014,0.6394013087964211,0.6402176015860164
259.2599999999092,0.6394243487947824,0.6402026543870026
259.2599999999092,0.6394243487947824,0.6402026543870026
260.2799999999083,0.6394490465325264,0.6401858358887571
260.2799999999083,0.6394490465325264,0.6401858358887571
261.29999999990736,0.6394750408458771,0.6401675109597331
261.29999999990736,0.6394750408458771,0.6401675109597331
262.31999999990643,0.6395019928833104,0.6401480225034812
262.31999999990643,0.6395019928833104,0.6401480225034812
263.3399999999055,0.6395295870482725,0.6401276903666757
263.3399999999055,0.6395295870482725,0.6401276903666757
264.3599999999046,0.6395575316444811,0.6401068105757471
264.3599999999046,0.6395575316444811,0.6401068105757471
265.37999999990365,0.6395855592460701,0.6400856548769224
265.37999999990365,0.6395855592460701,0.6400856548769224
266.3999999999027,0.6396134268150536,0.6400644705539229
266.3999999999027,0.6396134268150536,0.6400644705539229
267.4199999999018,0.6396409155886436,0.6400434804973667
267.4199999999018,0.6396409155886436,0.6400434804973667
268.43999999990086,0.6396678307588267,0.6400228834999969
268.43999999990086,0.6396678307588267,0.6400228834999969
269.45999999989994,0.6396940009663471,0.6400028547522525
269.45999999989994,0.6396940009663471,0.6400028547522525
270.479999999899,0.63971927763081,0.6399835465132825
270.479999999899,0.63971927763081,0.6399835465132825
271.4999999998981,0.6397435341380794,0.6399650889333188
271.4999999998981,0.6397435341380794,0.6399650889333188
272.51999999989715,0.639766664905467,0.6399475910042992
272.51999999989715,0.639766664905467,0.6399475910042992
273.5399999998962,0.6397885843444312,0.6399311416167448
273.5399999998962,0.6397885843444312,0.6399311416167448
274.5599999998953,0.6398092257396353,0.6399158107021171
274.5599999998953,0.6398092257396353,0.6399158107021171
275.57999999989437,0.639828540062246,0.6399016504411847
275.57999999989437,0.639828540062246,0.6399016504411847
276.59999999989344,0.6398464947343285,0.6398886965202896
276.59999999989344,0.6398464947343285,0.6398886965202896
277.6199999998925,0.6398630723601155,0.6398769694188086
277.6199999998925,0.6398630723601155,0.6398769694188086
278.6399999998916,0.6398782694387785,0.6398664757125074
278.6399999998916,0.6398782694387785,0.6398664757125074
279.65999999989066,0.6398920950721881,0.6398572093789093
279.65999999989066,0.6398920950721881,0.6398572093789093
280.67999999988973,0.6399045696799455,0.639849153092196
280.67999999988973,0.6399045696799455,0.639849153092196
281.6999999998888,0.6399157237327923,0.6398422794965263
281.6999999998888,0.6399157237327923,0.6398422794965263
282.7199999998879,0.6399255965143122,0.6398365524479906
282.7199999998879,0.6399255965143122,0.6398365524479906
283.73999999988695,0.6399342349196557,0.639831928216716
283.73999999988695,0.6399342349196557,0.639831928216716
284.759999999886,0.6399416922988787,0.6398283566418405
284.759999999886,0.6399416922988787,0.6398283566418405
285.7799999998851,0.6399480273513677,0.6398257822332786
285.7799999998851,0.6399480273513677,0.6398257822332786
286.79999999988416,0.6399533030767304,0.6398241452152738
286.79999999988416,0.6399533030767304,0.6398241452152738
287.81999999988324,0.6399575857865215,0.6398233825077961
287.81999999988324,0.6399575857865215,0.6398233825077961
288.8399999998823,0.6399609441801721,0.6398234286427935
288.8399999998823,0.6399609441801721,0.6398234286427935
289.8599999998814,0.6399634484875906,0.6398242166132097
289.8599999998814,0.6399634484875906,0.6398242166132097
290.87999999988045,0.639965169680032,0.639825678653501
290.87999999988045,0.639965169680032,0.639825678653501
291.8999999998795,0.6399661787500385,0.639827746951143
291.8999999998795,0.6399661787500385,0.639827746951143
292.9199999998786,0.6399665460605373,0.639830354289296
292.9199999998786,0.6399665460605373,0.639830354289296
293.93999999987767,0.6399663407625118,0.639833434621408
293.93999999987767,0.6399663407625118,0.639833434621408
294.95999999987674,0.6399656302800754,0.639836923579084
294.95999999987674,0.6399656302800754,0.639836923579084
295.9799999998758,0.639964479861255,0.6398407589150341
295.9799999998758,0.639964479861255,0.6398407589150341
296.9999999998749,0.6399629521923305,0.6398448808833107
296.9999999998749,0.6399629521923305,0.6398448808833107
298.01999999987396,0.6399611070731867,0.6398492325594242
298.01999999987396,0.6399611070731867,0.6398492325594242
299.03999999987303,0.6399590011508044,0.6398537601032096
299.03999999987303,0.6399590011508044,0.6398537601032096
300.0599999998721,0.6399566877077503,0.639858412967565
300.0599999998721,0.6399566877077503,0.639858412967565
301.0799999998712,0.6399542165022981,0.6398631440563718
301.0799999998712,0.6399542165022981,0.6398631440563718
302.09999999987025,0.6399516336566725,0.6398679098350599
302.09999999987025,0.6399516336566725,0.6398679098350599
303.1199999998693,0.6399489815897808,0.6398726703973675
303.1199999998693,0.6399489815897808,0.6398726703973675
304.1399999998684,0.6399462989907365,0.6398773894919114
304.1399999998684,0.6399462989907365,0.6398773894919114
305.15999999986747,0.6399436208294618,0.639882034512205
305.15999999986747,0.6399436208294618,0.639882034512205
306.17999999986654,0.6399409784006591,0.6398865764537371
306.17999999986654,0.6399409784006591,0.6398865764537371
307.1999999998656,0.6399383993974957,0.6398909898416932
307.1999999998656,0.6399383993974957,0.6398909898416932
308.2199999998647,0.6399359080114296,0.6398952526328098
308.2199999998647,0.6399359080114296,0.6398952526328098
309.23999999986376,0.6399335250546936,0.6398993460947708
309.23999999986376,0.6399335250546936,0.6398993460947708
310.2599999998628,0.6399312681021022,0.6399032546664214
310.2599999998628,0.6399312681021022,0.6399032546664214
311.2799999998619,0.6399291516489737,0.6399069658019448
311.2799999998619,0.6399291516489737,0.6399069658019448
312.299999999861,0.6399271872821354,0.6399104698019937
312.299999999861,0.6399271872821354,0.6399104698019937
313.31999999986004,0.6399253838611453,0.6399137596345916
313.31999999986004,0.6399253838611453,0.6399137596345916
314.3399999998591,0.6399237477070568,0.6399168307484564
314.3399999998591,0.6399237477070568,0.6399168307484564
315.3599999998582,0.6399222827962355,0.639919680881204
315.3599999998582,0.6399222827962355,0.639919680881204
316.37999999985726,0.6399209909569423,0.6399223098647069
316.37999999985726,0.6399209909569423,0.6399223098647069
317.39999999985633,0.639919872066585,0.6399247194296893
317.39999999985633,0.639919872066585,0.6399247194296893
318.4199999998554,0.6399189242477504,0.6399269130114419
318.4199999998554,0.6399189242477504,0.6399269130114419
319.4399999998545,0.6399181440613158,0.6399288955583602
319.4399999998545,0.6399181440613158,0.6399288955583602
320.45999999985355,0.6399175266951316,0.6399306733448009
320.45999999985355,0.6399175266951316,0.6399306733448009
321.4799999998526,0.6399170661469682,0.6399322537895923
321.4799999998526,0.6399170661469682,0.6399322537895923
322.4999999998517,0.6399167554005785,0.6399336452813302
322.4999999998517,0.6399167554005785,0.6399336452813302
323.51999999985077,0.6399165865939279,0.6399348570114325
323.51999999985077,0.6399165865939279,0.6399348570114325
324.53999999984984,0.639916551178787,0.6399358988157531
324.53999999984984,0.639916551178787,0.6399358988157531
325.5599999998489,0.6399166400710568,0.6399367810254031
325.5599999998489,0.6399166400710568,0.6399367810254031
326.579999999848,0.6399168437913333,0.6399375143272813
326.579999999848,0.6399168437913333,0.6399375143272813
327.59999999984706,0.639917152595362,0.6399381096346646
327.59999999984706,0.639917152595362,0.6399381096346646
328.61999999984613,0.6399175565941563,0.6399385779681005
328.61999999984613,0.6399175565941563,0.6399385779681005
329.6399999998452,0.6399180458636763,0.6399389303467062
329.6399999998452,0.6399180458636763,0.6399389303467062
330.6599999998443,0.6399186105440686,0.6399391776898856
330.6599999998443,0.6399186105440686,0.6399391776898856
331.67999999984335,0.6399192409285596,0.6399393307293703
331.67999999984335,0.6399192409285596,0.6399393307293703
332.6999999998424,0.6399199275421913,0.6399393999314021
332.6999999998424,0.6399199275421913,0.6399393999314021
333.7199999998415,0.6399206612106568,0.6399393954288082
333.7199999998415,0.6399206612106568,0.6399393954288082
334.73999999984056,0.6399214331195602,0.6399393269626371
334.73999999984056,0.6399214331195602,0.6399393269626371
335.75999999983964,0.6399222348644831,0.6399392038329804
335.75999999983964,0.6399222348644831,0.6399392038329804
336.7799999998387,0.6399230584922928,0.6399390348585449
336.7799999998387,0.6399230584922928,0.6399390348585449
337.7999999998378,0.6399238965341578,0.6399388283445111
337.7999999998378,0.6399238965341578,0.6399388283445111
338.81999999983685,0.6399247420307694,0.6399385920581728
338.81999999983685,0.6399247420307694,0.6399385920581728
339.8399999998359,0.6399255885503026,0.6399383332118325
339.8399999998359,0.6399255885503026,0.6399383332118325
340.859999999835,0.639926430199646,0.6399380584524137
340.859999999835,0.639926430199646,0.6399380584524137
341.87999999983407,0.6399272616294619,0.6399377738572346
341.87999999983407,0.6399272616294619,0.6399377738572346
342.89999999983314,0.63992807803362,0.6399374849353913
342.89999999983314,0.63992807803362,0.6399374849353913
343.9199999998322,0.6399288751435668,0.6399371966341918
343.9199999998322,0.6399288751435668,0.6399371966341918
344.9399999998313,0.6399296492181731,0.6399369133501005
344.9399999998313,0.6399296492181731,0.6399369133501005
345.95999999983036,0.6399303970295924,0.6399366389436485
345.95999999983036,0.6399303970295924,0.6399366389436485
346.97999999982943,0.6399311158456513,0.6399363767577965
346.97999999982943,0.6399311158456513,0.6399363767577965
347.9999999998285,0.6399318034092765,0.6399361296392426
347.9999999998285,0.6399318034092765,0.6399361296392426
349.0199999998276,0.639932457915436,0.6399358999621935
349.0199999998276,0.639932457915436,0.6399358999621935
350.03999999982665,0.6399330779860516,0.6399356896541513
350.03999999982665,0.6399330779860516,0.6399356896541513
351.0599999998257,0.6399336626433133,0.6399355002232662
351.0599999998257,0.6399336626433133,0.6399355002232662
352.0799999998248,0.6399342112818049,0.6399353327868676
352.0799999998248,0.6399342112818049,0.6399353327868676
353.09999999982386,0.6399347236398089,0.6399351881007891
353.09999999982386,0.6399347236398089,0.6399351881007891
354.11999999982294,0.6399351997701458,0.6399350665891387
354.11999999982294,0.6399351997701458,0.6399350665891387
355.139999999822,0.6399356400108623,0.639934968374204
355.139999999822,0.6399356400108623,0.639934968374204
356.1599999998211,0.6399360449560542,0.6399348933061972
356.1599999998211,0.6399360449560542,0.6399348933061972
357.17999999982015,0.639936415427089,0.6399348409925806
357.17999999982015,0.639936415427089,0.6399348409925806
358.1999999998192,0.6399367524444555,0.639934810826753
358.1999999998192,0.6399367524444555,0.639934810826753
359.2199999998183,0.639937057200441,0.6399348020158815
359.2199999998183,0.639937057200441,0.6399348020158815
360.23999999981737,0.6399373310328138,0.6399348136077149
360.23999999981737,0.6399373310328138,0.6399348136077149
361.25999999981644,0.6399375753996582,0.6399348445162263
361.25999999981644,0.6399375753996582,0.6399348445162263
362.2799999998155,0.6399377918554862,0.6399348935459596
362.2799999998155,0.6399377918554862,0.6399348935459596
363.2999999998146,0.6399379820287245,0.6399349594149906
363.2999999998146,0.6399379820287245,0.6399349594149906
364.31999999981366,0.6399381476006537,0.6399350407764142
364.31999999981366,0.6399381476006537,0.6399350407764142
365.33999999981273,0.639938290285857,0.6399351362383111
365.33999999981273,0.639938290285857,0.6399351362383111
366.3599999998118,0.6399384118142156,0.6399352443821563
366.3599999998118,0.6399384118142156,0.6399352443821563
367.3799999998109,0.6399385139144662,0.6399353637796457
367.3799999998109,0.6399385139144662,0.6399353637796457
368.39999999980995,0.6399385982993254,0.6399354930079437
368.39999999980995,0.6399385982993254,0.6399354930079437
369.419999999809,0.6399386666521679,0.6399356306633707
369.419999999809,0.6399386666521679,0.6399356306633707
370.4399999998081,0.6399387206152356,0.6399357753735431
370.4399999998081,0.6399387206152356,0.6399357753735431
371.45999999980717,0.6399387617793325,0.6399359258080151
371.45999999980717,0.6399387617793325,0.6399359258080151
372.47999999980624,0.6399387916749675,0.6399360806874645
372.47999999980624,0.6399387916749675,0.6399360806874645
373.4999999998053,0.6399388117648782,0.6399362387914843
373.4999999998053,0.6399388117648782,0.6399362387914843
374.5199999998044,0.6399388234378833,0.6399363989650377
374.5199999998044,0.6399388234378833,0.6399363989650377
375.53999999980346,0.6399388280039806,0.6399365601236533
375.53999999980346,0.6399388280039806,0.6399365601236533
376.5599999998025,0.6399388266906295,0.6399367212574324
376.5599999998025,0.6399388266906295,0.6399367212574324
377.5799999998016,0.6399388206401264,0.6399368814339484
377.5799999998016,0.6399388206401264,0.6399368814339484
378.5999999998007,0.6399388109080014,0.6399370398001206
378.5999999998007,0.6399388109080014,0.6399370398001206
379.61999999979975,0.639938798462347,0.6399371955831396
379.61999999979975,0.639938798462347,0.6399371955831396
380.6399999997988,0.6399387841839982,0.639937348090541
380.6399999997988,0.6399387841839982,0.639937348090541
381.6599999997979,0.6399387688674837,0.6399374967094957
381.6599999997979,0.6399387688674837,0.6399374967094957
382.67999999979696,0.639938753222659,0.6399376409054113
382.67999999979696,0.639938753222659,0.6399376409054113
383.69999999979603,0.6399387378769451,0.6399377802199165
383.69999999979603,0.6399387378769451,0.6399377802199165
384.7199999997951,0.6399387233780938,0.6399379142683181
384.7199999997951,0.6399387233780938,0.6399379142683181
385.7399999997942,0.6399387101974011,0.6399380427365945
385.7399999997942,0.6399387101974011,0.6399380427365945
386.75999999979325,0.6399386987333021,0.6399381653780067
386.75999999979325,0.6399386987333021,0.6399381653780067
387.7799999997923,0.639938689315269,0.6399382820093966
387.7799999997923,0.639938689315269,0.6399382820093966
388.7999999997914,0.6399386822079558,0.6399383925072317
388.7999999997914,0.6399386822079558,0.6399383925072317
389.81999999979047,0.6399386776155216,0.6399384968034658
389.81999999979047,0.6399386776155216,0.6399384968034658
390.83999999978954,0.6399386756860799,0.6399385948812653
390.83999999978954,0.6399386756860799,0.6399385948812653
391.8599999997886,0.6399386765162197,0.6399386867706603
391.8599999997886,0.6399386765162197,0.6399386867706603
392.8799999997877,0.6399386801555482,0.6399387725441645
392.8799999997877,0.6399386801555482,0.6399387725441645
393.89999999978676,0.639938686611215,0.6399388523124127
393.89999999978676,0.639938686611215,0.6399388523124127
394.91999999978583,0.6399386958523752,0.6399389262198483
394.91999999978583,0.6399386958523752,0.6399389262198483
395.9399999997849,0.6399387078145582,0.6399389944405051
395.9399999997849,0.6399387078145582,0.6399389944405051
396.959999999784,0.6399387224039099,0.639939057173906
396.959999999784,0.6399387224039099,0.639939057173906
397.97999999978305,0.6399387395012832,0.6399391146411109
397.97999999978305,0.6399387395012832,0.6399391146411109
398.9999999997821,0.6399387589661523,0.639939167080935
398.9999999997821,0.6399387589661523,0.639939167080935
400.0199999997812,0.6399387806403349,0.6399392147463566
400.0199999997812,0.6399387806403349,0.6399392147463566
401.03999999978026,0.6399388043515032,0.6399392579011269
401.03999999978026,0.6399388043515032,0.6399392579011269
402.05999999977934,0.6399388299164749,0.6399392968166008
402.05999999977934,0.6399388299164749,0.6399392968166008
403.0799999997784,0.6399388571442736,0.6399393317687891
403.0799999997784,0.6399388571442736,0.6399393317687891
404.0999999997775,0.6399388858389545,0.6399393630356474
404.0999999997775,0.6399388858389545,0.6399393630356474
405.11999999977655,0.6399389158021922,0.6399393908945924
405.11999999977655,0.6399389158021922,0.6399393908945924
406.1399999997756,0.6399389468356264,0.6399394156202611
406.1399999997756,0.6399389468356264,0.6399394156202611
407.1599999997747,0.639938978742975,0.6399394374824974
407.1599999997747,0.639938978742975,0.6399394374824974
408.17999999977377,0.6399390113319102,0.6399394567445718
408.17999999977377,0.6399390113319102,0.6399394567445718
409.19999999977284,0.6399390444157085,0.6399394736616258
409.19999999977284,0.6399390444157085,0.6399394736616258
410.2199999997719,0.6399390778146777,0.6399394884793315
410.2199999997719,0.6399390778146777,0.6399394884793315
411.239999999771,0.6399391113573746,0.6399395014327626
411.239999999771,0.6399391113573746,0.6399395014327626
412.25999999977006,0.6399391448816188,0.6399395127454637
412.25999999977006,0.6399391448816188,0.6399395127454637
413.27999999976913,0.639939178235313,0.6399395226287109
413.27999999976913,0.639939178235313,0.6399395226287109
414.2999999997682,0.6399392112770838,0.6399395312809468
414.2999999997682,0.6399392112770838,0.6399395312809468
415.3199999997673,0.6399392438767542,0.6399395388873846
415.3199999997673,0.6399392438767542,0.6399395388873846
416.33999999976635,0.6399392759156585,0.6399395456197661
416.33999999976635,0.6399392759156585,0.6399395456197661
417.3599999997654,0.639939307286811,0.639939551636261
417.3599999997654,0.639939307286811,0.639939551636261
418.3799999997645,0.6399393378949471,0.639939557081492
418.3799999997645,0.6399393378949471,0.639939557081492
419.39999999976357,0.6399393676564434,0.6399395620866842
419.39999999976357,0.6399393676564434,0.6399395620866842
420.41999999976264,0.6399393964991302,0.6399395667699098
420.41999999976264,0.6399393964991302,0.6399395667699098
421.4399999997617,0.6399394243620129,0.6399395712364306
421.4399999997617,0.6399394243620129,0.6399395712364306
422.4599999997608,0.6399394511949077,0.6399395755791201
422.4599999997608,0.6399394511949077,0.6399395755791201
423.47999999975985,0.6399394769580095,0.6399395798789498
423.47999999975985,0.6399394769580095,0.6399395798789498
424.4999999997589,0.6399395016213989,0.6399395842055381
424.4999999997589,0.6399395016213989,0.6399395842055381
425.519999999758,0.6399395251644986,0.6399395886177451
425.519999999758,0.6399395251644986,0.6399395886177451
426.5399999997571,0.6399395475754964,0.6399395931643025
426.5399999997571,0.6399395475754964,0.6399395931643025
427.55999999975614,0.6399395688507303,0.6399395978844735
427.55999999975614,0.6399395688507303,0.6399395978844735
428.5799999997552,0.6399395889940591,0.6399396028087319
428.5799999997552,0.6399395889940591,0.6399396028087319
429.5999999997543,0.6399396080162171,0.6399396079594516
429.5999999997543,0.6399396080162171,0.6399396079594516
430.61999999975336,0.6399396259341615,0.6399396133516004
430.61999999975336,0.6399396259341615,0.6399396133516004
431.63999999975243,0.6399396427704297,0.6399396189934328
431.63999999975243,0.6399396427704297,0.6399396189934328
432.6599999997515,0.6399396585524899,0.6399396248871689
432.6599999997515,0.6399396585524899,0.6399396248871689
433.6799999997506,0.6399396733121161,0.6399396310296659
433.6799999997506,0.6399396733121161,0.6399396310296659
434.69999999974965,0.639939687084775,0.6399396374130658
434.69999999974965,0.639939687084775,0.6399396374130658
435.7199999997487,0.6399396999090379,0.6399396440254242
435.7199999997487,0.6399396999090379,0.6399396440254242
436.7399999997478,0.63993971182601,0.6399396508513093
436.7399999997478,0.63993971182601,0.6399396508513093
437.75999999974687,0.6399397228787994,0.6399396578723736
437.75999999974687,0.6399397228787994,0.6399396578723736
438.77999999974594,0.6399397331120045,0.6399396650678937
438.77999999974594,0.6399397331120045,0.6399396650678937
439.799999999745,0.6399397425712434,0.639939672415276
439.799999999745,0.6399397425712434,0.639939672415276
440.8199999997441,0.6399397513027106,0.6399396798905295
440.8199999997441,0.6399397513027106,0.6399396798905295
441.83999999974316,0.6399397593527694,0.6399396874687006
441.83999999974316,0.6399397593527694,0.6399396874687006
442.85999999974223,0.6399397667675824,0.6399396951242734
442.85999999974223,0.6399397667675824,0.6399396951242734
443.8799999997413,0.6399397735927742,0.6399397028315328
443.8799999997413,0.6399397735927742,0.6399397028315328
444.8999999997404,0.6399397798731301,0.6399397105648938
444.8999999997404,0.6399397798731301,0.6399397105648938
445.91999999973945,0.6399397856523285,0.6399397182991913
445.91999999973945,0.6399397856523285,0.6399397182991913
446.9399999997385,0.6399397909727107,0.6399397260099391
446.9399999997385,0.6399397909727107,0.6399397260099391
447.9599999997376,0.6399397958750761,0.6399397336735542
447.9599999997376,0.6399397958750761,0.6399397336735542
448.97999999973666,0.6399398003985175,0.6399397412675467
448.97999999973666,0.6399398003985175,0.6399397412675467
449.99999999973573,0.6399398045802788,0.6399397487706814
449.99999999973573,0.6399398045802788,0.6399397487706814
451.0199999997348,0.639939808455647,0.6399397561631103
451.0199999997348,0.639939808455647,0.6399397561631103
452.0399999997339,0.6399398120578688,0.6399397634264749
452.0399999997339,0.6399398120578688,0.6399397634264749
453.05999999973295,0.639939815418091,0.6399397705439848
453.05999999973295,0.639939815418091,0.6399397705439848
454.079999999732,0.639939818565325,0.6399397775004717
454.079999999732,0.639939818565325,0.6399397775004717
455.0999999997311,0.6399398215264357,0.6399397842824205
455.0999999997311,0.6399398215264357,0.6399397842824205
456.11999999973017,0.639939824326145,0.6399397908779837
456.11999999973017,0.639939824326145,0.6399397908779837
457.13999999972924,0.6399398269870561,0.6399397972769715
457.13999999972924,0.6399398269870561,0.6399397972769715
458.1599999997283,0.6399398295296921,0.6399398034708318
458.1599999997283,0.6399398295296921,0.6399398034708318
459.1799999997274,0.6399398319725512,0.6399398094526096
459.1799999997274,0.6399398319725512,0.6399398094526096
460.19999999972646,0.6399398343321702,0.6399398152169012
460.19999999972646,0.6399398343321702,0.6399398152169012
461.21999999972553,0.6399398366232003,0.6399398207597888
461.21999999972553,0.6399398366232003,0.6399398207597888
462.2399999997246,0.6399398388584923,0.6399398260787741
462.2399999997246,0.6399398388584923,0.6399398260787741
463.2599999997237,0.6399398410491866,0.6399398311726966
463.2599999997237,0.6399398410491866,0.6399398311726966
464.27999999972275,0.6399398432048137,0.639939836041652
464.27999999972275,0.6399398432048137,0.639939836041652
465.2999999997218,0.6399398453333941,0.6399398406869027
465.2999999997218,0.6399398453333941,0.6399398406869027
466.3199999997209,0.6399398474415416,0.639939845110785
466.3199999997209,0.6399398474415416,0.639939845110785
467.33999999971996,0.6399398495345713,0.6399398493166151
467.33999999971996,0.6399398495345713,0.6399398493166151
468.35999999971904,0.6399398516166059,0.6399398533085932
468.35999999971904,0.6399398516166059,0.6399398533085932
469.3799999997181,0.6399398536906826,0.6399398570917083
469.3799999997181,0.6399398536906826,0.6399398570917083
470.3999999997172,0.6399398557588585,0.6399398606716438
470.3999999997172,0.6399398557588585,0.6399398606716438
471.41999999971625,0.6399398578223116,0.6399398640546837
471.41999999971625,0.6399398578223116,0.6399398640546837
472.4399999997153,0.6399398598814448,0.6399398672476231
472.4399999997153,0.6399398598814448,0.6399398672476231
473.4599999997144,0.6399398619359795,0.63993987025768
473.4599999997144,0.6399398619359795,0.63993987025768
474.47999999971347,0.6399398639850498,0.639939873092413
474.47999999971347,0.6399398639850498,0.639939873092413
475.49999999971254,0.6399398660272918,0.6399398757596392
475.49999999971254,0.6399398660272918,0.6399398757596392
476.5199999997116,0.6399398680609252,0.6399398782673623
476.5199999997116,0.6399398680609252,0.6399398782673623
477.5399999997107,0.6399398700838332,0.6399398806236998
477.5399999997107,0.6399398700838332,0.6399398806236998
478.55999999970976,0.6399398720936366,0.6399398828368175
478.55999999970976,0.6399398720936366,0.6399398828368175
479.57999999970883,0.6399398740877593,0.6399398849148721
479.57999999970883,0.6399398740877593,0.6399398849148721
480.5999999997079,0.6399398760634933,0.6399398868659522
480.5999999997079,0.6399398760634933,0.6399398868659522
481.619999999707,0.6399398780180539,0.6399398886980322
481.619999999707,0.6399398780180539,0.6399398886980322
482.63999999970605,0.6399398799486309,0.6399398904189245
482.63999999970605,0.6399398799486309,0.6399398904189245
483.6599999997051,0.639939881852437,0.6399398920362427
483.6599999997051,0.639939881852437,0.6399398920362427
484.6799999997042,0.6399398837267457,0.6399398935573668
484.6799999997042,0.6399398837267457,0.6399398935573668
485.69999999970327,0.6399398855689282,0.6399398949894114
485.69999999970327,0.6399398855689282,0.6399398949894114
486.71999999970234,0.6399398873764844,0.6399398963392037
486.71999999970234,0.6399398873764844,0.6399398963392037
487.7399999997014,0.6399398891470673,0.6399398976132623
487.7399999997014,0.6399398891470673,0.6399398976132623
488.7599999997005,0.6399398908785059,0.6399398988177815
488.7599999997005,0.6399398908785059,0.6399398988177815
489.77999999969956,0.6399398925688224,0.6399398999586196
489.77999999969956,0.6399398925688224,0.6399398999586196
490.7999999996986,0.639939894216245,0.6399399010412888
490.7999999996986,0.639939894216245,0.6399399010412888
491.8199999996977,0.6399398958192163,0.639939902070954
491.8199999996977,0.6399398958192163,0.639939902070954
492.8399999996968,0.6399398973764024,0.639939903052428
492.8399999996968,0.6399398973764024,0.639939903052428
493.85999999969584,0.6399398988866931,0.6399399039901756
493.85999999969584,0.6399398988866931,0.6399399039901756
494.8799999996949,0.6399399003492041,0.6399399048883169
494.8799999996949,0.6399399003492041,0.6399399048883169
495.899999999694,0.6399399017632733,0.6399399057506326
495.899999999694,0.6399399017632733,0.6399399057506326
496.91999999969306,0.6399399031284567,0.6399399065805745
496.91999999969306,0.6399399031284567,0.6399399065805745
497.93999999969213,0.6399399044445229,0.6399399073812753
497.93999999969213,0.6399399044445229,0.6399399073812753
498.9599999996912,0.6399399057114432,0.6399399081555602
498.9599999996912,0.6399399057114432,0.6399399081555602
